factor,factor_value,rank,word,pearson_correlation,word_count
ethnicity,Assamese,1,assam,0.6619684623172605,8
ethnicity,Assamese,2,elephant,0.2995810287929846,14
ethnicity,Assamese,3,lift,0.23762970442158066,8
ethnicity,Assamese,4,babu,0.2090408786892102,10
ethnicity,Assamese,5,ella,0.20085883659477258,5
ethnicity,Assamese,6,echoing,0.18104004622231862,6
ethnicity,Assamese,7,chatting,0.18104004622231862,6
ethnicity,Assamese,8,twigs,0.17072897339815246,14
ethnicity,Assamese,9,swinging,0.15276196370052048,8
ethnicity,Assamese,10,created,0.15276195284244473,8
ethnicity,Assamese,11,nature,0.1448413538543238,44
ethnicity,Assamese,12,miss,0.14212484939299974,9
ethnicity,Assamese,13,lush,0.14134060962476824,31
ethnicity,Assamese,14,trunk,0.13506289701539742,33
ethnicity,Assamese,15,arrived,0.1333476391144724,49
ethnicity,Assamese,16,water,0.12671465396235257,249
ethnicity,Assamese,17,okay,0.12511152551964924,11
ethnicity,Assamese,18,riverbank,0.12327827849071242,54
ethnicity,Assamese,19,swayed,0.11813249298867486,12
ethnicity,Assamese,20,showing,0.11813249298867486,12
ethnicity,Awadhi,1,raj,0.20085883659477252,5
ethnicity,Awadhi,2,waving,0.19763994611075025,11
ethnicity,Awadhi,3,goat,0.1810400462223186,6
ethnicity,Awadhi,4,beyond,0.16546142959178198,7
ethnicity,Awadhi,5,laugh,0.1569114750265447,16
ethnicity,Awadhi,6,aditi,0.15276195284244473,8
ethnicity,Awadhi,7,wherever,0.1421248493929997,9
ethnicity,Awadhi,8,heroes,0.1330260137113156,10
ethnicity,Awadhi,9,farmer,0.13302601371131556,10
ethnicity,Awadhi,10,scampered,0.13302601371131556,10
ethnicity,Awadhi,11,babu,0.13302601371131556,10
ethnicity,Awadhi,12,because,0.1324401842673256,67
ethnicity,Awadhi,13,tonight,0.1266352780582419,22
ethnicity,Awadhi,14,gentle,0.11924652796323855,230
ethnicity,Awadhi,15,sweetest,0.11813249298867486,12
ethnicity,Awadhi,16,asking,0.11540613460293525,25
ethnicity,Awadhi,17,“why,0.11205445836247116,26
ethnicity,Awadhi,18,tug,0.10980573440691561,43
ethnicity,Awadhi,19,tucked,0.10293689872853586,29
ethnicity,Awadhi,20,that’s,0.10121406479773125,15
ethnicity,Bengali,1,cried,0.18104006106022183,6
ethnicity,Bengali,2,anywhere,0.1787187384203444,13
ethnicity,Bengali,3,greeted,0.16546142959178198,7
ethnicity,Bengali,4,short,0.16546142959178198,7
ethnicity,Bengali,5,sandwich,0.16546142959178198,7
ethnicity,Bengali,6,logs,0.15276195284244473,8
ethnicity,Bengali,7,fallen,0.1446857956683951,30
ethnicity,Bengali,8,“it’s,0.1421248493929997,9
ethnicity,Bengali,9,kitten,0.13302601371131556,10
ethnicity,Bengali,10,cry,0.13084426599876417,21
ethnicity,Bengali,11,scared,0.13009142746558447,133
ethnicity,Bengali,12,push,0.12511152551964924,11
ethnicity,Bengali,13,determined,0.12511152551964924,11
ethnicity,Bengali,14,backpack,0.12267586782382346,23
ethnicity,Bengali,15,herself,0.11889051998285168,39
ethnicity,Bengali,16,floating,0.11813249298867487,12
ethnicity,Bengali,17,moon,0.1088684770853294,27
ethnicity,Bengali,18,saw,0.10838182603292577,318
ethnicity,Bengali,19,back,0.10764336193861272,358
ethnicity,Bengali,20,waiting,0.10439931418017685,87
ethnicity,Bhil,1,bhil,0.5724779840003047,6
ethnicity,Bhil,2,needs,0.19763994611075028,11
ethnicity,Bhil,3,afraid,0.18516715524485142,31
ethnicity,Bhil,4,fire,0.18104004622231862,6
ethnicity,Bhil,5,tonight,0.17832314665344268,22
ethnicity,Bhil,6,painted,0.16735251102763243,36
ethnicity,Bhil,7,story,0.15326999796738605,91
ethnicity,Bhil,8,chuckled,0.15276195284244473,8
ethnicity,Bhil,9,sing,0.15259419290465584,41
ethnicity,Bhil,10,finished,0.15259419290465584,41
ethnicity,Bhil,11,ago,0.14529913541927345,18
ethnicity,Bhil,12,feathers,0.14468579566839515,30
ethnicity,Bhil,13,work,0.14013713954229687,19
ethnicity,Bhil,14,courage,0.14013713954229687,19
ethnicity,Bhil,15,known,0.14013713954229687,19
ethnicity,Bhil,16,let,0.13552082995474324,48
ethnicity,Bhil,17,enough,0.13533300153461436,20
ethnicity,Bhil,18,sparkle,0.1330260137113156,10
ethnicity,Bhil,19,wrapped,0.1330260137113156,10
ethnicity,Bhil,20,surrounded,0.13143767171309556,211
ethnicity,Bhojpuri,1,front,0.18104004622231865,6
ethnicity,Bhojpuri,2,cookies,0.16546142959178195,7
ethnicity,Bhojpuri,3,fluttering,0.16418900279666268,37
ethnicity,Bhojpuri,4,creating,0.14212484939299977,9
ethnicity,Bhojpuri,5,mia,0.14212484939299974,9
ethnicity,Bhojpuri,6,eat,0.1401371395422968,19
ethnicity,Bhojpuri,7,ate,0.13302601371131556,10
ethnicity,Bhojpuri,8,means,0.13302601371131556,10
ethnicity,Bhojpuri,9,hungry,0.13302601371131553,10
ethnicity,Bhojpuri,10,delicious,0.12140695270518836,55
ethnicity,Bhojpuri,11,better,0.11870303342055362,76
ethnicity,Bhojpuri,12,opened,0.11641104235375363,123
ethnicity,Bhojpuri,13,benny,0.1126543984309978,60
ethnicity,Bhojpuri,14,lock,0.11197220436333384,42
ethnicity,Bhojpuri,15,busy,0.11190799508563619,13
ethnicity,Bhojpuri,16,perfect,0.11190799508563619,13
ethnicity,Bhojpuri,17,continued,0.11101326365932994,61
ethnicity,Bhojpuri,18,cheerful,0.11076753636807259,129
ethnicity,Bhojpuri,19,circles,0.1088684770853294,27
ethnicity,Bhojpuri,20,came,0.10368698451712476,137
ethnicity,Bihari,1,bihar,1.0000000274470462,18
ethnicity,Bihari,2,everyone’s,0.20085883659477258,5
ethnicity,Bihari,3,fields,0.18656364621312133,273
ethnicity,Bihari,4,puddle,0.18104006106022183,6
ethnicity,Bihari,5,healthy,0.16546142959178195,7
ethnicity,Bihari,6,working,0.16546142959178195,7
ethnicity,Bihari,7,net,0.15276196370052048,8
ethnicity,Bihari,8,checked,0.15276196370052048,8
ethnicity,Bihari,9,lift,0.15276195284244473,8
ethnicity,Bihari,10,banyan,0.14134060962476824,31
ethnicity,Bihari,11,farmer,0.13302601371131556,10
ethnicity,Bihari,12,caring,0.12663527805824193,22
ethnicity,Bihari,13,stretched,0.12267586782382346,23
ethnicity,Bihari,14,watch,0.12157314303020231,95
ethnicity,Bihari,15,wonders,0.12135104626839732,38
ethnicity,Bihari,16,nervous,0.11813249298867487,12
ethnicity,Bihari,17,long,0.11730173928759147,77
ethnicity,Bihari,18,lay,0.11449560372290563,125
ethnicity,Bihari,19,perched,0.11190799508563619,13
ethnicity,Bihari,20,silver,0.11101327554024513,61
ethnicity,Bodo,1,sight,0.25612522662837484,7
ethnicity,Bodo,2,diamonds,0.209781482540064,47
ethnicity,Bodo,3,float,0.18104004622231865,6
ethnicity,Bodo,4,magnificent,0.16546142959178195,7
ethnicity,Bodo,5,sunlight,0.1335389385250837,180
ethnicity,Bodo,6,sparkle,0.13302601371131556,10
ethnicity,Bodo,7,pointing,0.13302601371131556,10
ethnicity,Bodo,8,starry,0.12511152551964924,11
ethnicity,Bodo,9,taller,0.12511152551964924,11
ethnicity,Bodo,10,songs,0.12362672353258289,140
ethnicity,Bodo,11,covered,0.12267586782382346,23
ethnicity,Bodo,12,clouds,0.11420571670222669,41
ethnicity,Bodo,13,feet,0.1119079950856362,13
ethnicity,Bodo,14,turns,0.10630294570073648,14
ethnicity,Bodo,15,bravery,0.10630294570073648,14
ethnicity,Bodo,16,flowing,0.10630294570073648,14
ethnicity,Bodo,17,stream,0.10210584574526549,113
ethnicity,Bodo,18,flying,0.10038374008893239,68
ethnicity,Bodo,19,name,0.0998574536508634,48
ethnicity,Bodo,20,path,0.09826609881971642,117
ethnicity,Chhattisgarhi,1,venture,0.25711189650476296,12
ethnicity,Chhattisgarhi,2,farther,0.2376297213119207,8
ethnicity,Chhattisgarhi,3,tiku,0.20085883659477252,5
ethnicity,Chhattisgarhi,4,right,0.18130416466232896,32
ethnicity,Chhattisgarhi,5,snow,0.18104004622231862,6
ethnicity,Chhattisgarhi,6,“i’m,0.16546142959178198,7
ethnicity,Chhattisgarhi,7,itself,0.16546142959178192,7
ethnicity,Chhattisgarhi,8,rainbows,0.15276196370052048,8
ethnicity,Chhattisgarhi,9,choti,0.1527619528424447,8
ethnicity,Chhattisgarhi,10,tara,0.14212484939299974,9
ethnicity,Chhattisgarhi,11,holding,0.13334763911447242,49
ethnicity,Chhattisgarhi,12,adventurous,0.13302602218027518,10
ethnicity,Chhattisgarhi,13,rani,0.12663527805824193,22
ethnicity,Chhattisgarhi,14,cheered,0.12454412426580914,72
ethnicity,Chhattisgarhi,15,tortoise,0.12267586782382348,23
ethnicity,Chhattisgarhi,16,kept,0.11894021104604598,24
ethnicity,Chhattisgarhi,17,fall,0.11813249298867487,12
ethnicity,Chhattisgarhi,18,fur,0.11191076907125162,81
ethnicity,Chhattisgarhi,19,“where,0.11190799508563619,13
ethnicity,Chhattisgarhi,20,surrounded,0.11189303651412226,211
ethnicity,Dogra,1,dog,0.5841359974980889,19
ethnicity,Dogra,2,wagged,0.3445365739168017,41
ethnicity,Dogra,3,barked,0.33796317698025025,16
ethnicity,Dogra,4,between,0.3305354178195648,44
ethnicity,Dogra,5,chotu,0.3224974560007166,8
ethnicity,Dogra,6,pet,0.3022655247653938,9
ethnicity,Dogra,7,nestled,0.2574265430541037,66
ethnicity,Dogra,8,bark,0.25612522662837495,7
ethnicity,Dogra,9,lady,0.2376297213119207,8
ethnicity,Dogra,10,fluffy,0.23537827129839128,160
ethnicity,Dogra,11,tail,0.2189205601749488,84
ethnicity,Dogra,12,barking,0.2090408786892102,10
ethnicity,Dogra,13,milk,0.20085883659477252,5
ethnicity,Dogra,14,coat,0.2008588365947725,5
ethnicity,Dogra,15,“we,0.18946620214846016,20
ethnicity,Dogra,16,signs,0.18104006106022183,6
ethnicity,Dogra,17,brown,0.17832314665344265,22
ethnicity,Dogra,18,whimpering,0.17642516894691707,46
ethnicity,Dogra,19,owner,0.15276196370052048,8
ethnicity,Dogra,20,snuggle,0.1527619528424447,8
ethnicity,Garhwali,1,mountains,0.36506863951786045,92
ethnicity,Garhwali,2,rohan,0.31664679210510094,31
ethnicity,Garhwali,3,nestled,0.19576749082557582,66
ethnicity,Garhwali,4,bank,0.18104006106022183,6
ethnicity,Garhwali,5,power,0.18104006106022183,6
ethnicity,Garhwali,6,“that,0.1634996431347966,15
ethnicity,Garhwali,7,chasing,0.16113827455311777,38
ethnicity,Garhwali,8,drink,0.15276196370052048,8
ethnicity,Garhwali,9,acts,0.15276195284244473,8
ethnicity,Garhwali,10,rohan’s,0.15276195284244473,8
ethnicity,Garhwali,11,toy,0.14529913541927345,18
ethnicity,Garhwali,12,maya’s,0.1421248493929997,9
ethnicity,Garhwali,13,eat,0.1401371395422969,19
ethnicity,Garhwali,14,treat,0.1330260137113156,10
ethnicity,Garhwali,15,meera’s,0.1330260137113156,10
ethnicity,Garhwali,16,beamed,0.13302601371131556,10
ethnicity,Garhwali,17,stream,0.1265623357441315,113
ethnicity,Garhwali,18,proudly,0.12511152551964924,11
ethnicity,Garhwali,19,licked,0.12511152551964924,11
ethnicity,Garhwali,20,people,0.1251115255196492,11
ethnicity,Goan,1,goa,0.6619684623172605,8
ethnicity,Goan,2,beach,0.5834226239876371,45
ethnicity,Goan,3,waves,0.5401884038890142,46
ethnicity,Goan,4,sea,0.4978934499619038,47
ethnicity,Goan,5,sand,0.43179222759884767,53
ethnicity,Goan,6,ocean,0.41966578608659444,29
ethnicity,Goan,7,sandcastles,0.40736523653472134,8
ethnicity,Goan,8,starfish,0.4073652075798527,8
ethnicity,Goan,9,shell,0.3547064040353001,39
ethnicity,Goan,10,shore,0.35397482326910906,32
ethnicity,Goan,11,building,0.322497478923321,8
ethnicity,Goan,12,seashells,0.3162392947360657,18
ethnicity,Goan,13,sandcastle,0.3079835494453179,5
ethnicity,Goan,14,sandy,0.28944337630029654,21
ethnicity,Goan,15,seashell,0.2788995535252067,6
ethnicity,Goan,16,seagulls,0.2701683667018513,11
ethnicity,Goan,17,build,0.23762972131192073,8
ethnicity,Goan,18,unlike,0.22899370086493456,31
ethnicity,Goan,19,whisper,0.2238518412867707,23
ethnicity,Goan,20,forever,0.21805705358441763,24
ethnicity,Gond,1,whimper,0.19763994611075028,11
ethnicity,Gond,2,forest,0.17854190427276412,227
ethnicity,Gond,3,clearing,0.17760239213835732,33
ethnicity,Gond,4,doing,0.17326385455529708,23
ethnicity,Gond,5,overjoyed,0.16546142959178195,7
ethnicity,Gond,6,beyond,0.1654614295917819,7
ethnicity,Gond,7,deer,0.1634996431347966,15
ethnicity,Gond,8,yes,0.15489852586524042,55
ethnicity,Gond,9,rabbits,0.1481838871806395,29
ethnicity,Gond,10,ventured,0.14212484939299977,9
ethnicity,Gond,11,lush,0.14134060962476822,31
ethnicity,Gond,12,crossed,0.14013713954229687,19
ethnicity,Gond,13,having,0.13506289701539742,33
ethnicity,Gond,14,wrapped,0.13302601371131556,10
ethnicity,Gond,15,instead,0.13302601371131556,10
ethnicity,Gond,16,appeared,0.13211032025905572,34
ethnicity,Gond,17,surrounded,0.13143767171309564,211
ethnicity,Gond,18,rani,0.12663527805824198,22
ethnicity,Gond,19,slow,0.12511152551964927,11
ethnicity,Gond,20,please,0.11894021104604592,24
ethnicity,Gujarati,1,aarav,0.2788995306668151,6
ethnicity,Gujarati,2,tiku,0.20085883659477252,5
ethnicity,Gujarati,3,slices,0.2008588365947725,5
ethnicity,Gujarati,4,sunflower,0.2008588365947725,5
ethnicity,Gujarati,5,admire,0.165461429591782,7
ethnicity,Gujarati,6,braver,0.16546142959178195,7
ethnicity,Gujarati,7,starting,0.16546141702785008,7
ethnicity,Gujarati,8,ravi’s,0.15691147502654473,16
ethnicity,Gujarati,9,mango,0.15691147502654473,16
ethnicity,Gujarati,10,smell,0.15276196370052048,8
ethnicity,Gujarati,11,aditi,0.15276195284244473,8
ethnicity,Gujarati,12,cheer,0.14212484939299974,9
ethnicity,Gujarati,13,sunflowers,0.1421248493929997,9
ethnicity,Gujarati,14,thankful,0.1421248493929997,9
ethnicity,Gujarati,15,idea,0.13552082995474318,48
ethnicity,Gujarati,16,thanking,0.1353330015346144,20
ethnicity,Gujarati,17,ate,0.1330260137113156,10
ethnicity,Gujarati,18,wagging,0.12511153311942017,11
ethnicity,Gujarati,19,roses,0.12511152551964924,11
ethnicity,Gujarati,20,licked,0.1251115255196492,11
ethnicity,Haryanvi,1,hunt,0.22219518707919675,9
ethnicity,Haryanvi,2,golu,0.20085883659477252,5
ethnicity,Haryanvi,3,owls,0.2008588365947725,5
ethnicity,Haryanvi,4,push,0.19763994611075025,11
ethnicity,Haryanvi,5,dig,0.18104006106022183,6
ethnicity,Haryanvi,6,marbles,0.18104006106022183,6
ethnicity,Haryanvi,7,goat,0.1810400462223186,6
ethnicity,Haryanvi,8,cheerful,0.18035970581398203,129
ethnicity,Haryanvi,9,grass,0.16457615807745063,144
ethnicity,Haryanvi,10,nose,0.15705314931008568,54
ethnicity,Haryanvi,11,wasn’t,0.1527619528424447,8
ethnicity,Haryanvi,12,box,0.14818387594971394,29
ethnicity,Haryanvi,13,banyan,0.14134060962476827,31
ethnicity,Haryanvi,14,dusty,0.13302601371131556,10
ethnicity,Haryanvi,15,jewels,0.13084425441208297,21
ethnicity,Haryanvi,16,chase,0.1292701946672665,35
ethnicity,Haryanvi,17,roots,0.12511152551964924,11
ethnicity,Haryanvi,18,play,0.1214665298135637,328
ethnicity,Haryanvi,19,raju’s,0.1189402209195461,24
ethnicity,Haryanvi,20,ask,0.11894021104604593,24
ethnicity,Himachali,1,himachal,0.9414688501592685,16
ethnicity,Himachali,2,pradesh,0.8130294159341513,12
ethnicity,Himachali,3,mountains,0.2318319097668164,92
ethnicity,Himachali,4,meadows,0.20251877995442996,27
ethnicity,Himachali,5,mountain,0.20085883659477252,5
ethnicity,Himachali,6,year,0.2008588365947725,5
ethnicity,Himachali,7,hills,0.19782444235880323,177
ethnicity,Himachali,8,nestled,0.19576749082557582,66
ethnicity,Himachali,9,apple,0.1876221947467189,12
ethnicity,Himachali,10,valleys,0.18104004622231862,6
ethnicity,Himachali,11,wildflowers,0.1810400462223186,6
ethnicity,Himachali,12,bubbling,0.16546142959178198,7
ethnicity,Himachali,13,calm,0.16546142959178198,7
ethnicity,Himachali,14,highest,0.16546142959178195,7
ethnicity,Himachali,15,left,0.15276196370052048,8
ethnicity,Himachali,16,rohan’s,0.15276195284244473,8
ethnicity,Himachali,17,stream,0.1510188257429975,113
ethnicity,Himachali,18,whispering,0.1421248493929997,9
ethnicity,Himachali,19,rohan,0.14134060962476822,31
ethnicity,Himachali,20,talking,0.1353330015346144,20
ethnicity,Jharkhand,1,jharkhand,0.9414688501592685,16
ethnicity,Jharkhand,2,grab,0.16546142959178198,7
ethnicity,Jharkhand,3,arjun’s,0.1634996431347966,15
ethnicity,Jharkhand,4,forests,0.15819317121685217,39
ethnicity,Jharkhand,5,aditi,0.15276195284244473,8
ethnicity,Jharkhand,6,choti,0.15276195284244473,8
ethnicity,Jharkhand,7,nearby,0.1343211287600118,106
ethnicity,Jharkhand,8,distance,0.13302601371131556,10
ethnicity,Jharkhand,9,surprises,0.13302601371131556,10
ethnicity,Jharkhand,10,shoulder,0.13302601371131556,10
ethnicity,Jharkhand,11,awe,0.1251115255196492,11
ethnicity,Jharkhand,12,energy,0.12511151791987923,11
ethnicity,Jharkhand,13,meera,0.12454412426580916,72
ethnicity,Jharkhand,14,forest,0.12110214954694194,227
ethnicity,Jharkhand,15,cheerfully,0.11813250673905747,12
ethnicity,Jharkhand,16,sound,0.11335354213913923,152
ethnicity,Jharkhand,17,heard,0.11268343715338279,274
ethnicity,Jharkhand,18,closer,0.11253842284471373,153
ethnicity,Jharkhand,19,voice,0.11242936151210034,103
ethnicity,Jharkhand,20,“why,0.11205445836247115,26
ethnicity,Kannada,1,sammy,0.3079835494453179,5
ethnicity,Kannada,2,yummy,0.2850557436671049,10
ethnicity,Kannada,3,benny,0.27358925333242307,60
ethnicity,Kannada,4,tilly,0.2561252071800967,7
ethnicity,Kannada,5,lucy,0.23515500109556856,14
ethnicity,Kannada,6,turtle,0.2330206688734073,40
ethnicity,Kannada,7,carrots,0.20251877995442996,27
ethnicity,Kannada,8,picnic,0.20251877995442996,27
ethnicity,Kannada,9,squirrel,0.18839009902529236,55
ethnicity,Kannada,10,juicy,0.18762221658556189,12
ethnicity,Kannada,11,hopped,0.18577813033986182,145
ethnicity,Kannada,12,squealed,0.18104004622231856,6
ethnicity,Kannada,13,hop,0.17414531298920874,95
ethnicity,Kannada,14,live,0.16546141702785006,7
ethnicity,Kannada,15,rabbit,0.16262324661014116,146
ethnicity,Kannada,16,replied,0.1606437862738152,172
ethnicity,Kannada,17,crawled,0.15276196370052048,8
ethnicity,Kannada,18,lily,0.15184817487922486,28
ethnicity,Kannada,19,crunchy,0.15086996800156857,17
ethnicity,Kannada,20,timmy,0.14212484939299977,9
ethnicity,Kashmiri,1,valley,0.7175954457344831,27
ethnicity,Kashmiri,2,kashmir,0.6187804147747462,7
ethnicity,Kashmiri,3,amina,0.5131003386007887,10
ethnicity,Kashmiri,4,mountains,0.3917159854680693,92
ethnicity,Kashmiri,5,ayaan,0.24552950923240743,13
ethnicity,Kashmiri,6,aisha,0.20085883659477258,5
ethnicity,Kashmiri,7,beloved,0.20085883659477258,5
ethnicity,Kashmiri,8,fading,0.20085883659477258,5
ethnicity,Kashmiri,9,shades,0.18141687427362418,58
ethnicity,Kashmiri,10,holds,0.18104006106022183,6
ethnicity,Kashmiri,11,though,0.18104004622231862,6
ethnicity,Kashmiri,12,pink,0.1658675514890844,101
ethnicity,Kashmiri,13,keyhole,0.16546142959178198,7
ethnicity,Kashmiri,14,house,0.15926064410450588,53
ethnicity,Kashmiri,15,meadows,0.15569362851987967,27
ethnicity,Kashmiri,16,large,0.15276195284244473,8
ethnicity,Kashmiri,17,gardens,0.15276195284244473,8
ethnicity,Kashmiri,18,sweet,0.15098230691206893,211
ethnicity,Kashmiri,19,flowed,0.1508699680015686,17
ethnicity,Kashmiri,20,cared,0.14212484939299977,9
ethnicity,Khasi,1,“the,0.23762970442158066,8
ethnicity,Khasi,2,hills,0.21848495853204636,177
ethnicity,Khasi,3,beautifully,0.165461429591782,7
ethnicity,Khasi,4,hollow,0.16546142959178198,7
ethnicity,Khasi,5,nestled,0.16493796471131192,66
ethnicity,Khasi,6,spreading,0.1527619528424447,8
ethnicity,Khasi,7,mia,0.1421248493929997,9
ethnicity,Khasi,8,star,0.1393118327850962,63
ethnicity,Khasi,9,pointed,0.13506289701539737,33
ethnicity,Khasi,10,curiosity,0.1214069527051884,55
ethnicity,Khasi,11,brighter,0.11592253901371187,78
ethnicity,Khasi,12,tall,0.11536409079622455,341
ethnicity,Khasi,13,wander,0.114329971851971,59
ethnicity,Khasi,14,quietly,0.11205444941263042,26
ethnicity,Khasi,15,moon,0.1088684770853294,27
ethnicity,Khasi,16,valley,0.1088684770853294,27
ethnicity,Khasi,17,moonlight,0.10630294570073645,14
ethnicity,Khasi,18,brightened,0.10630294570073645,14
ethnicity,Khasi,19,“yes,0.10630294570073645,14
ethnicity,Khasi,20,blanket,0.10628321914885205,64
ethnicity,Konkani,1,ear,0.6225468755101821,9
ethnicity,Konkani,2,sea,0.6059354282538179,47
ethnicity,Konkani,3,beach,0.5834226239876371,45
ethnicity,Konkani,4,ocean,0.5554067411550347,29
ethnicity,Konkani,5,waves,0.5038120803948045,46
ethnicity,Konkani,6,shell,0.4726143499750122,39
ethnicity,Konkani,7,sand,0.4658586755356403,53
ethnicity,Konkani,8,coral,0.462406200137788,9
ethnicity,Konkani,9,seagulls,0.41522520788405326,11
ethnicity,Konkani,10,shells,0.3983137442981521,16
ethnicity,Konkani,11,reefs,0.3767590459901914,6
ethnicity,Konkani,12,shore,0.31080716189482754,32
ethnicity,Konkani,13,underwater,0.3022655247653939,9
ethnicity,Konkani,14,bedside,0.28989197022397467,28
ethnicity,Konkani,15,sandy,0.28944337630029654,21
ethnicity,Konkani,16,seashell,0.2788995535252067,6
ethnicity,Konkani,17,dolphin,0.27889953066681505,6
ethnicity,Konkani,18,half,0.2744398280182443,23
ethnicity,Konkani,19,table,0.2728202264569654,31
ethnicity,Konkani,20,dolphins,0.27016836670185124,11
ethnicity,Kumaoni,1,mountains,0.33842129356765166,92
ethnicity,Kumaoni,2,bear,0.3123402250897608,13
ethnicity,Kumaoni,3,blow,0.20085883659477252,5
ethnicity,Kumaoni,4,storm,0.18104006106022183,6
ethnicity,Kumaoni,5,fear,0.18104006106022183,6
ethnicity,Kumaoni,6,acorns,0.16546142959178198,7
ethnicity,Kumaoni,7,kiran,0.16546142959178198,7
ethnicity,Kumaoni,8,poured,0.16546142959178198,7
ethnicity,Kumaoni,9,finally,0.14873293561301132,115
ethnicity,Kumaoni,10,lake,0.14212484939299974,9
ethnicity,Kumaoni,11,nestled,0.13410843859704796,66
ethnicity,Kumaoni,12,grateful,0.1331757647916449,107
ethnicity,Kumaoni,13,adventurous,0.13302602218027518,10
ethnicity,Kumaoni,14,ones,0.13084426599876417,21
ethnicity,Kumaoni,15,plants,0.1251115179198792,11
ethnicity,Kumaoni,16,each,0.12184735470667452,142
ethnicity,Kumaoni,17,rain,0.1181324929886749,12
ethnicity,Kumaoni,18,important,0.11540612520961661,25
ethnicity,Kumaoni,19,hills,0.11518237766583064,177
ethnicity,Kumaoni,20,softly,0.11500160825672909,150
ethnicity,Maithili,1,click,0.23001101524864354,22
ethnicity,Maithili,2,read,0.19763994611075025,11
ethnicity,Maithili,3,nothing,0.19763994611075025,11
ethnicity,Maithili,4,chest,0.18920450202790132,30
ethnicity,Maithili,5,promising,0.17871873842034436,13
ethnicity,Maithili,6,“maybe,0.17871873842034436,13
ethnicity,Maithili,7,bounced,0.16546142959178198,7
ethnicity,Maithili,8,early,0.16546142959178198,7
ethnicity,Maithili,9,carrot,0.15973720660182056,26
ethnicity,Maithili,10,search,0.155347102476458,40
ethnicity,Maithili,11,rest,0.15184817487922483,28
ethnicity,Maithili,12,lock,0.14992888380853175,42
ethnicity,Maithili,13,racing,0.1452991492871776,18
ethnicity,Maithili,14,key,0.14295954188276172,61
ethnicity,Maithili,15,imagination,0.1353330015346144,20
ethnicity,Maithili,16,ate,0.13302601371131556,10
ethnicity,Maithili,17,games,0.12916826799265524,51
ethnicity,Maithili,18,stream,0.12656233574413148,113
ethnicity,Maithili,19,splashed,0.12653482541113675,36
ethnicity,Maithili,20,patch,0.1251115331194202,11
ethnicity,Malayali,1,sea,0.3178234861420471,47
ethnicity,Malayali,2,seashells,0.3162392947360657,18
ethnicity,Malayali,3,sandy,0.28944337630029654,21
ethnicity,Malayali,4,beaches,0.2788995535252066,6
ethnicity,Malayali,5,pearl,0.27889955352520657,6
ethnicity,Malayali,6,shells,0.27761260966234835,16
ethnicity,Malayali,7,waves,0.24917781593533644,46
ethnicity,Malayali,8,sand,0.22739353997809136,53
ethnicity,Malayali,9,shore,0.2244718391462643,32
ethnicity,Malayali,10,beach,0.2159123096647162,45
ethnicity,Malayali,11,collect,0.20227918852487084,18
ethnicity,Malayali,12,dolphins,0.19763994611075023,11
ethnicity,Malayali,13,anaya’s,0.18104006106022183,6
ethnicity,Malayali,14,half,0.17326385455529703,23
ethnicity,Malayali,15,happiness,0.16405826978130317,168
ethnicity,Malayali,16,buried,0.15569362851987967,27
ethnicity,Malayali,17,collecting,0.14529913541927345,18
ethnicity,Malayali,18,underwater,0.1421248493929997,9
ethnicity,Malayali,19,week,0.13302601371131556,10
ethnicity,Malayali,20,splash,0.12927020362445538,35
ethnicity,Manipuri,1,manipur,0.5724779840003047,6
ethnicity,Manipuri,2,fluffed,0.1810400462223186,6
ethnicity,Manipuri,3,spend,0.1707289733981525,14
ethnicity,Manipuri,4,hours,0.165461429591782,7
ethnicity,Manipuri,5,thanks,0.15691147502654473,16
ethnicity,Manipuri,6,sturdy,0.15276195284244473,8
ethnicity,Manipuri,7,celebrate,0.14212484939299969,9
ethnicity,Manipuri,8,darkest,0.13533300153461442,20
ethnicity,Manipuri,9,under,0.1284876837778287,246
ethnicity,Manipuri,10,licked,0.12511152551964924,11
ethnicity,Manipuri,11,noise,0.1251115179198792,11
ethnicity,Manipuri,12,herself,0.11889051998285168,39
ethnicity,Manipuri,13,needed,0.11540612520961661,25
ethnicity,Manipuri,14,tired,0.1088684770853294,27
ethnicity,Manipuri,15,let’s,0.10628321914885207,64
ethnicity,Manipuri,16,closely,0.10565921536783983,45
ethnicity,Manipuri,17,discovered,0.10327891248278406,66
ethnicity,Manipuri,18,arjun’s,0.10121406479773123,15
ethnicity,Manipuri,19,feathers,0.1001670893088889,30
ethnicity,Manipuri,20,stumbled,0.1001670818393725,30
ethnicity,Marathi,1,corner,0.23762970442158074,8
ethnicity,Marathi,2,timmy,0.22219518707919675,9
ethnicity,Marathi,3,homes,0.2008588365947725,5
ethnicity,Marathi,4,owls,0.2008588365947725,5
ethnicity,Marathi,5,venture,0.1876221947467189,12
ethnicity,Marathi,6,thanked,0.17705315995503731,93
ethnicity,Marathi,7,benny,0.1770283403915679,60
ethnicity,Marathi,8,twitching,0.17072897339815246,14
ethnicity,Marathi,9,“would,0.16546142959178198,7
ethnicity,Marathi,10,carrot,0.15973720660182056,26
ethnicity,Marathi,11,hop,0.14785922800970555,95
ethnicity,Marathi,12,mouse,0.1421248493929997,9
ethnicity,Marathi,13,hopped,0.14141320369153662,145
ethnicity,Marathi,14,burrow,0.1350628970153974,33
ethnicity,Marathi,15,treat,0.1330260137113156,10
ethnicity,Marathi,16,m,0.1330260137113156,10
ethnicity,Marathi,17,juiciest,0.13302601371131556,10
ethnicity,Marathi,18,singing,0.1255007032165791,114
ethnicity,Marathi,19,patch,0.12511153311942017,11
ethnicity,Marathi,20,squeaked,0.12511152551964924,11
ethnicity,Marwari,1,rajasthan,0.35046819955921826,26
ethnicity,Marwari,2,banyan,0.2289937008649346,31
ethnicity,Marwari,3,shoulder,0.20904087868921017,10
ethnicity,Marwari,4,encouraged,0.1783231466534427,22
ethnicity,Marwari,5,learning,0.16546142959178198,7
ethnicity,Marwari,6,baby,0.15276195284244473,8
ethnicity,Marwari,7,brushed,0.14212484939299974,9
ethnicity,Marwari,8,encouragement,0.1421248493929997,9
ethnicity,Marwari,9,thanking,0.1353330015346144,20
ethnicity,Marwari,10,without,0.13533300153461436,20
ethnicity,Marwari,11,ways,0.13302601371131556,10
ethnicity,Marwari,12,hungry,0.13302601371131556,10
ethnicity,Marwari,13,kitten,0.13302601371131556,10
ethnicity,Marwari,14,instead,0.13302601371131556,10
ethnicity,Marwari,15,wishes,0.12653482541113675,36
ethnicity,Marwari,16,energy,0.12511151791987923,11
ethnicity,Marwari,17,who,0.1184905987113546,201
ethnicity,Marwari,18,resting,0.1181324929886749,12
ethnicity,Marwari,19,paw,0.1181324929886749,12
ethnicity,Marwari,20,stick,0.11813249298867487,12
ethnicity,Meena,1,meena,0.44596171175917715,13
ethnicity,Meena,2,heal,0.17072897339815252,14
ethnicity,Meena,3,cheer,0.14212484939299977,9
ethnicity,Meena,4,looks,0.14212484939299977,9
ethnicity,Meena,5,miss,0.14212484939299974,9
ethnicity,Meena,6,asha,0.14013713954229684,19
ethnicity,Meena,7,higher,0.13813650640939348,32
ethnicity,Meena,8,trapped,0.13302602218027515,10
ethnicity,Meena,9,barking,0.13302601371131556,10
ethnicity,Meena,10,anyone,0.12267586782382348,23
ethnicity,Meena,11,worry,0.12261309339794245,195
ethnicity,Meena,12,fall,0.11813249298867487,12
ethnicity,Meena,13,flew,0.11544889974723298,124
ethnicity,Meena,14,chirped,0.11242936151210028,103
ethnicity,Meena,15,suddenly,0.11189303651412226,211
ethnicity,Meena,16,good,0.11101327554024513,61
ethnicity,Meena,17,hands,0.10816623149743926,107
ethnicity,Meena,18,tiny,0.10789894775109725,319
ethnicity,Meena,19,don,0.10308991918351175,112
ethnicity,Meena,20,oh,0.10173951728337866,47
ethnicity,Mizo,1,hills,0.2598059908785328,177
ethnicity,Mizo,2,lila,0.2583777617682055,54
ethnicity,Mizo,3,straight,0.20085883659477258,5
ethnicity,Mizo,4,green,0.16694514697374135,345
ethnicity,Mizo,5,blooming,0.15691147502654473,16
ethnicity,Mizo,6,branches,0.14302805592019618,79
ethnicity,Mizo,7,everywhere,0.14134062000074865,31
ethnicity,Mizo,8,higher,0.13813650640939348,32
ethnicity,Mizo,9,thick,0.13533300153461436,20
ethnicity,Mizo,10,nestled,0.13410843859704802,66
ethnicity,Mizo,11,scare,0.13302601371131556,10
ethnicity,Mizo,12,scampered,0.13302601371131556,10
ethnicity,Mizo,13,surrounded,0.1314376717130956,211
ethnicity,Mizo,14,secrets,0.12927019466726652,35
ethnicity,Mizo,15,giggle,0.1251115331194202,11
ethnicity,Mizo,16,taller,0.12511152551964924,11
ethnicity,Mizo,17,now,0.11920346460481128,97
ethnicity,Mizo,18,bigger,0.11813250673905747,12
ethnicity,Mizo,19,here,0.11101327554024515,61
ethnicity,Mizo,20,tug,0.10980573440691566,43
ethnicity,Munda,1,“sometimes,0.2008588365947725,5
ethnicity,Munda,2,asha,0.19563699678677085,19
ethnicity,Munda,3,problem,0.18104004622231862,6
ethnicity,Munda,4,twigs,0.1707289733981525,14
ethnicity,Munda,5,itself,0.16546142959178198,7
ethnicity,Munda,6,yourself,0.16546142959178198,7
ethnicity,Munda,7,pocket,0.15973720660182056,26
ethnicity,Munda,8,reach,0.15691147502654473,16
ethnicity,Munda,9,surrounded,0.15098230691206888,211
ethnicity,Munda,10,tight,0.14134062000074868,31
ethnicity,Munda,11,funny,0.13302601371131556,10
ethnicity,Munda,12,“papa,0.13302601371131556,10
ethnicity,Munda,13,’,0.13302601371131556,10
ethnicity,Munda,14,hugged,0.13036741603945884,88
ethnicity,Munda,15,unlock,0.12663527805824193,22
ethnicity,Munda,16,stop,0.1251115331194202,11
ethnicity,Munda,17,starry,0.12511152551964924,11
ethnicity,Munda,18,call,0.12511152551964924,11
ethnicity,Munda,19,most,0.12278053945761298,94
ethnicity,Munda,20,tree,0.12265708931318832,256
ethnicity,Nagamese,1,circling,0.20085881857391352,5
ethnicity,Nagamese,2,letting,0.20085881857391352,5
ethnicity,Nagamese,3,wishing,0.19763994611075028,11
ethnicity,Nagamese,4,chirpy,0.18104006106022186,6
ethnicity,Nagamese,5,marbles,0.18104006106022183,6
ethnicity,Nagamese,6,curiously,0.16546142959178192,7
ethnicity,Nagamese,7,spending,0.1654614295917819,7
ethnicity,Nagamese,8,“that,0.16349964313479654,15
ethnicity,Nagamese,9,sing,0.1525941929046558,41
ethnicity,Nagamese,10,box,0.14818387594971397,29
ethnicity,Nagamese,11,feathers,0.14468579566839507,30
ethnicity,Nagamese,12,lake,0.14212484939299977,9
ethnicity,Nagamese,13,work,0.1401371395422969,19
ethnicity,Nagamese,14,asha,0.1401371395422969,19
ethnicity,Nagamese,15,taught,0.13302601371131556,10
ethnicity,Nagamese,16,pebbles,0.12511151791987926,11
ethnicity,Nagamese,17,fed,0.118940211046046,24
ethnicity,Nagamese,18,great,0.11889051215587623,39
ethnicity,Nagamese,19,blue,0.11837202304275578,146
ethnicity,Nagamese,20,grew,0.11322770023064288,80
ethnicity,Odia,1,plant,0.2008588365947726,5
ethnicity,Odia,2,mysterious,0.14212484939299977,9
ethnicity,Odia,3,still,0.13506289701539742,33
ethnicity,Odia,4,thorny,0.13302602218027515,10
ethnicity,Odia,5,farmer,0.13302601371131556,10
ethnicity,Odia,6,pointing,0.13302601371131556,10
ethnicity,Odia,7,wore,0.13302601371131556,10
ethnicity,Odia,8,hug,0.12511152551964927,11
ethnicity,Odia,9,okay,0.12511152551964924,11
ethnicity,Odia,10,another,0.11894021104604592,24
ethnicity,Odia,11,inviting,0.1181324929886749,12
ethnicity,Odia,12,thorns,0.11190799508563619,13
ethnicity,Odia,13,turned,0.11134567050001953,104
ethnicity,Odia,14,maybe,0.10583357643097491,28
ethnicity,Odia,15,twinkle,0.10173951728337866,47
ethnicity,Odia,16,chest,0.10016708930888894,30
ethnicity,Odia,17,pad,0.09656090770864294,16
ethnicity,Odia,18,touch,0.09656090770864292,16
ethnicity,Odia,19,barked,0.09656090770864292,16
ethnicity,Odia,20,t,0.0962464112590631,146
ethnicity,Punjabi,1,discovery,0.2221951870791968,9
ethnicity,Punjabi,2,leela,0.18104006106022186,6
ethnicity,Punjabi,3,drink,0.15276196370052048,8
ethnicity,Punjabi,4,fields,0.1498926592424832,273
ethnicity,Punjabi,5,shady,0.1452991354192734,18
ethnicity,Punjabi,6,hunt,0.14212484939299977,9
ethnicity,Punjabi,7,growing,0.13302602218027515,10
ethnicity,Punjabi,8,farmer,0.13302601371131556,10
ethnicity,Punjabi,9,shook,0.1181324929886749,12
ethnicity,Punjabi,10,ayaan,0.11190800760932852,13
ethnicity,Punjabi,11,grateful,0.1081662314974393,107
ethnicity,Punjabi,12,elephant,0.10630294570073649,14
ethnicity,Punjabi,13,box,0.10293689092690056,29
ethnicity,Punjabi,14,compassion,0.10293689092690048,29
ethnicity,Punjabi,15,that’s,0.1012140647977312,15
ethnicity,Punjabi,16,past,0.10016708930888886,30
ethnicity,Punjabi,17,sitting,0.09949004191645902,142
ethnicity,Punjabi,18,care,0.09897465657731812,69
ethnicity,Punjabi,19,raced,0.09489076134537841,72
ethnicity,Punjabi,20,proud,0.09452184840805268,177
ethnicity,Rajasthani,1,rajasthan,0.8272956819527126,26
ethnicity,Rajasthani,2,dunes,0.702617213196379,9
ethnicity,Rajasthani,3,desert,0.702617213196379,9
ethnicity,Rajasthani,4,sand,0.36365933172526227,53
ethnicity,Rajasthani,5,market,0.307983549445318,5
ethnicity,Rajasthani,6,kite,0.19763994611075028,11
ethnicity,Rajasthani,7,leela,0.18104006106022186,6
ethnicity,Rajasthani,8,lit,0.179161278232424,45
ethnicity,Rajasthani,9,which,0.1707289733981525,14
ethnicity,Rajasthani,10,collected,0.16546141702785008,7
ethnicity,Rajasthani,11,meera,0.15419748718623993,72
ethnicity,Rajasthani,12,circled,0.15276196370052048,8
ethnicity,Rajasthani,13,woman,0.1527619528424447,8
ethnicity,Rajasthani,14,sweets,0.1401371395422969,19
ethnicity,Rajasthani,15,bring,0.13719084817778776,83
ethnicity,Rajasthani,16,few,0.13506289701539745,33
ethnicity,Rajasthani,17,sparkle,0.13302601371131556,10
ethnicity,Rajasthani,18,mother’s,0.13302601371131556,10
ethnicity,Rajasthani,19,means,0.13302601371131556,10
ethnicity,Rajasthani,20,painted,0.1265348254111368,36
ethnicity,Santhal,1,trouble,0.20085883659477252,5
ethnicity,Santhal,2,paused,0.18104004622231862,6
ethnicity,Santhal,3,friendships,0.1787187384203444,13
ethnicity,Santhal,4,released,0.16546142959178198,7
ethnicity,Santhal,5,offered,0.16546142959178195,7
ethnicity,Santhal,6,fish’s,0.16546142959178195,7
ethnicity,Santhal,7,forehead,0.15691147502654476,16
ethnicity,Santhal,8,“once,0.15276196370052045,8
ethnicity,Santhal,9,eye,0.1527619528424447,8
ethnicity,Santhal,10,snuggle,0.1527619528424447,8
ethnicity,Santhal,11,surrounded,0.15098230691206888,211
ethnicity,Santhal,12,animal,0.15086996800156857,17
ethnicity,Santhal,13,landed,0.14734614716100186,43
ethnicity,Santhal,14,clear,0.14484135385432384,44
ethnicity,Santhal,15,clean,0.14212484939299974,9
ethnicity,Santhal,16,fingers,0.14212484939299974,9
ethnicity,Santhal,17,creatures,0.14134060962476824,31
ethnicity,Santhal,18,afraid,0.14134060962476824,31
ethnicity,Santhal,19,bringing,0.13533300153461436,20
ethnicity,Santhal,20,’,0.13302601371131556,10
ethnicity,Sindhi,1,pocket,0.20741995484116998,26
ethnicity,Sindhi,2,riverbank,0.1908280201294589,54
ethnicity,Sindhi,3,river,0.18835446142079484,188
ethnicity,Sindhi,4,splashes,0.18104006106022183,6
ethnicity,Sindhi,5,circle,0.18104004622231862,6
ethnicity,Sindhi,6,easily,0.1810400462223186,6
ethnicity,Sindhi,7,reminder,0.16546142959178198,7
ethnicity,Sindhi,8,fish’s,0.16546142959178195,7
ethnicity,Sindhi,9,important,0.16399817792945517,25
ethnicity,Sindhi,10,leaped,0.1634996431347966,15
ethnicity,Sindhi,11,lift,0.15276195284244473,8
ethnicity,Sindhi,12,dress,0.1527619528424447,8
ethnicity,Sindhi,13,scales,0.14529913541927345,18
ethnicity,Sindhi,14,amina,0.1330260137113156,10
ethnicity,Sindhi,15,determination,0.13302601371131556,10
ethnicity,Sindhi,16,giggled,0.1266352780582419,22
ethnicity,Sindhi,17,hug,0.12511152551964924,11
ethnicity,Sindhi,18,welcome,0.12511152551964924,11
ethnicity,Sindhi,19,fast,0.12267586782382346,23
ethnicity,Sindhi,20,anyone,0.12267586782382346,23
ethnicity,Tamil,1,“follow,0.20085883659477258,5
ethnicity,Tamil,2,basket,0.19786277332747482,28
ethnicity,Tamil,3,expect,0.18104006106022186,6
ethnicity,Tamil,4,“if,0.18104006106022183,6
ethnicity,Tamil,5,sigh,0.16546142959178195,7
ethnicity,Tamil,6,thing,0.14872914917927746,58
ethnicity,Tamil,7,entered,0.14212484939299977,9
ethnicity,Tamil,8,talked,0.14134062000074865,31
ethnicity,Tamil,9,treats,0.13533300153461436,20
ethnicity,Tamil,10,ate,0.13302601371131564,10
ethnicity,Tamil,11,tune,0.13302601371131556,10
ethnicity,Tamil,12,treat,0.13302601371131556,10
ethnicity,Tamil,13,traveled,0.13302601371131556,10
ethnicity,Tamil,14,scampered,0.13302601371131556,10
ethnicity,Tamil,15,everything,0.13211032025905567,34
ethnicity,Tamil,16,squeaked,0.12511152551964924,11
ethnicity,Tamil,17,determined,0.12511152551964924,11
ethnicity,Tamil,18,piece,0.12511151791987926,11
ethnicity,Tamil,19,tiptoed,0.11894021104604592,24
ethnicity,Tamil,20,years,0.1181324929886749,12
ethnicity,Telugu,1,benny’s,0.3960913000208511,12
ethnicity,Telugu,2,benny,0.30577622431270823,60
ethnicity,Telugu,3,bushy,0.2788995306668151,6
ethnicity,Telugu,4,bella,0.21726204234444657,16
ethnicity,Telugu,5,nibbling,0.20085883659477252,5
ethnicity,Telugu,6,sammy,0.20085883659477252,5
ethnicity,Telugu,7,fur,0.19637172686087556,81
ethnicity,Telugu,8,fluffy,0.1925822219714111,160
ethnicity,Telugu,9,acorn,0.18104004622231862,6
ethnicity,Telugu,10,hop,0.17414531298920874,95
ethnicity,Telugu,11,bunny,0.16849864630269035,24
ethnicity,Telugu,12,sigh,0.16546142959178195,7
ethnicity,Telugu,13,acorns,0.16546142959178195,7
ethnicity,Telugu,14,morning,0.1618896298524708,196
ethnicity,Telugu,15,carrots,0.15569362851987967,27
ethnicity,Telugu,16,meadow,0.15419748718623993,72
ethnicity,Telugu,17,forward,0.15276196370052048,8
ethnicity,Telugu,18,carry,0.15276195284244473,8
ethnicity,Telugu,19,today,0.15259419290465584,41
ethnicity,Telugu,20,enjoy,0.14468579566839512,30
ethnicity,Tripuri,1,smelled,0.23515500109556856,14
ethnicity,Tripuri,2,honey,0.1707289733981525,14
ethnicity,Tripuri,3,painted,0.16735251102763243,36
ethnicity,Tripuri,4,finger,0.16546142959178198,7
ethnicity,Tripuri,5,yawn,0.16546142959178195,7
ethnicity,Tripuri,6,air,0.1464948589766324,117
ethnicity,Tripuri,7,comes,0.14468578487909362,30
ethnicity,Tripuri,8,raju,0.14025094122049994,101
ethnicity,Tripuri,9,beamed,0.13302601371131556,10
ethnicity,Tripuri,10,pushed,0.13302601371131556,10
ethnicity,Tripuri,11,head,0.13211031097820436,34
ethnicity,Tripuri,12,song,0.11779029891038291,57
ethnicity,Tripuri,13,“where,0.11190799508563619,13
ethnicity,Tripuri,14,snuggled,0.10801138400480977,249
ethnicity,Tripuri,15,happier,0.10630294570073648,14
ethnicity,Tripuri,16,streams,0.10565921536783986,45
ethnicity,Tripuri,17,bed,0.10234359065725376,370
ethnicity,Tripuri,18,singing,0.10113163463083559,114
ethnicity,Tripuri,19,field,0.09656090770864294,16
ethnicity,Tripuri,20,blooming,0.09656090770864291,16
ethnicity,Tulu,1,ravi,0.15695698639886047,108
ethnicity,Tulu,2,clapped,0.1446857956683951,30
ethnicity,Tulu,3,munching,0.14212484939299974,9
ethnicity,Tulu,4,content,0.1421248493929997,9
ethnicity,Tulu,5,heroes,0.1330260137113156,10
ethnicity,Tulu,6,“just,0.13302601371131556,10
ethnicity,Tulu,7,step,0.13084425441208297,21
ethnicity,Tulu,8,sometimes,0.12761770660147806,70
ethnicity,Tulu,9,patch,0.12511153311942017,11
ethnicity,Tulu,10,believing,0.12511152551964924,11
ethnicity,Tulu,11,backpack,0.12267586782382346,23
ethnicity,Tulu,12,floppy,0.11813249298867486,12
ethnicity,Tulu,13,ears,0.10980573440691561,43
ethnicity,Tulu,14,lucy,0.10630294570073644,14
ethnicity,Tulu,15,try,0.10121406479773126,15
ethnicity,Tulu,16,stay,0.10121405423799099,15
ethnicity,Tulu,17,story,0.0997258938739761,91
ethnicity,Tulu,18,things,0.09921196453784532,116
ethnicity,Tulu,19,ravi’s,0.09656090770864294,16
ethnicity,Tulu,20,thanks,0.09656090770864291,16
ethnicity,Uttarakhandi,1,uttarakhand,0.9999999320032351,18
ethnicity,Uttarakhandi,2,forests,0.3547064273868549,39
ethnicity,Uttarakhandi,3,rivers,0.2044807826240646,37
ethnicity,Uttarakhandi,4,fire,0.1810400462223186,6
ethnicity,Uttarakhandi,5,only,0.16418900279666268,37
ethnicity,Uttarakhandi,6,hills,0.1565034100123169,177
ethnicity,Uttarakhandi,7,rohan’s,0.15276195284244473,8
ethnicity,Uttarakhandi,8,gave,0.1518481748792248,28
ethnicity,Uttarakhandi,9,flowed,0.15086996800156854,17
ethnicity,Uttarakhandi,10,lush,0.14134060962476827,31
ethnicity,Uttarakhandi,11,rohan,0.14134060962476824,31
ethnicity,Uttarakhandi,12,safely,0.1266352780582419,22
ethnicity,Uttarakhandi,13,top,0.11197220436333384,42
ethnicity,Uttarakhandi,14,rock,0.11197220436333384,42
ethnicity,Uttarakhandi,15,leaf,0.11190799508563619,13
ethnicity,Uttarakhandi,16,hard,0.10980573440691561,43
ethnicity,Uttarakhandi,17,“i,0.10805625730428285,132
ethnicity,Uttarakhandi,18,also,0.10782893272066768,63
ethnicity,Uttarakhandi,19,flowing,0.10630294570073645,14
ethnicity,Uttarakhandi,20,hugging,0.10630294570073645,14
